【请求】2018-12-12-----------------------------
<xml><ToUserName><![CDATA[gh_1e8c8519cfc3]]></ToUserName>
<FromUserName><![CDATA[ovTcg1ZAoofbOGFx8WIlOfMV8IgM]]></FromUserName>
<CreateTime>1544604580</CreateTime>
<MsgType><![CDATA[text]]></MsgType>
<Content><![CDATA[我试一试]]></Content>
<MsgId>6634026156795763769</MsgId>
</xml>
---------------------------------------------
【发送】2018-12-12-----------------------------
<xml>
			<ToUserName><![CDATA[ovTcg1ZAoofbOGFx8WIlOfMV8IgM]]>
			</ToUserName>
			<FromUserName><![CDATA[gh_1e8c8519cfc3]]>
			</FromUserName>
			<CreateTime>1544604582</CreateTime>
			<MsgType><![CDATA[text]]>
			</MsgType>
			<Content><![CDATA[公众号：我试一试]]>
			</Content>
			</xml>
---------------------------------------------
【接受】2018-12-12-----------------------------
<xml><ToUserName><![CDATA[gh_1e8c8519cfc3]]></ToUserName>
<FromUserName><![CDATA[ovTcg1ZAoofbOGFx8WIlOfMV8IgM]]></FromUserName>
<CreateTime>1544605046</CreateTime>
<MsgType><![CDATA[text]]></MsgType>
<Content><![CDATA[小试牛刀]]></Content>
<MsgId>6634028158250523707</MsgId>
</xml>
---------------------------------------------
【接受】2018-12-12-----------------------------
<xml><ToUserName><![CDATA[gh_1e8c8519cfc3]]></ToUserName>
<FromUserName><![CDATA[ovTcg1ZAoofbOGFx8WIlOfMV8IgM]]></FromUserName>
<CreateTime>1544605105</CreateTime>
<MsgType><![CDATA[text]]></MsgType>
<Content><![CDATA[小试牛刀]]></Content>
<MsgId>6634028411653594173</MsgId>
</xml>
---------------------------------------------
【发送】2018-12-12-----------------------------
<xml>
		<ToUserName><![CDATA[ovTcg1ZAoofbOGFx8WIlOfMV8IgM]]>
		</ToUserName>
		<FromUserName><![CDATA[gh_1e8c8519cfc3]]>
		</FromUserName>
		<CreateTime>1544605107</CreateTime>
		<MsgType><![CDATA[text]]>
		</MsgType>
		<Content><![CDATA[公众号：小试牛刀]]>
		</Content>
		</xml>
---------------------------------------------
【接受】2018-12-12-----------------------------
<xml><ToUserName><![CDATA[gh_1e8c8519cfc3]]></ToUserName>
<FromUserName><![CDATA[ovTcg1ZAoofbOGFx8WIlOfMV8IgM]]></FromUserName>
<CreateTime>1544605229</CreateTime>
<MsgType><![CDATA[text]]></MsgType>
<Content><![CDATA[aaa]]></Content>
<MsgId>6634028944229538879</MsgId>
</xml>
---------------------------------------------
【接受】2018-12-12-----------------------------
<xml><ToUserName><![CDATA[gh_1e8c8519cfc3]]></ToUserName>
<FromUserName><![CDATA[ovTcg1ZAoofbOGFx8WIlOfMV8IgM]]></FromUserName>
<CreateTime>1544605244</CreateTime>
<MsgType><![CDATA[text]]></MsgType>
<Content><![CDATA[aaaa]]></Content>
<MsgId>6634029008654048320</MsgId>
</xml>
---------------------------------------------
【接受】2018-12-12-----------------------------
<xml><ToUserName><![CDATA[gh_1e8c8519cfc3]]></ToUserName>
<FromUserName><![CDATA[ovTcg1ZAoofbOGFx8WIlOfMV8IgM]]></FromUserName>
<CreateTime>1544605252</CreateTime>
<MsgType><![CDATA[text]]></MsgType>
<Content><![CDATA[a basdfsda]]></Content>
<MsgId>6634029043013786690</MsgId>
</xml>
---------------------------------------------
【接受】2018-12-12-----------------------------
<xml><ToUserName><![CDATA[gh_1e8c8519cfc3]]></ToUserName>
<FromUserName><![CDATA[ovTcg1ZAoofbOGFx8WIlOfMV8IgM]]></FromUserName>
<CreateTime>1544605648</CreateTime>
<MsgType><![CDATA[image]]></MsgType>
<PicUrl><![CDATA[http://mmbiz.qpic.cn/mmbiz_jpg/SAxNmD1r5FLm4U6Lpa6mn7Jtibiayksqay5VuSqGZEwDWkFQMicqoicic1mibHF5HGPuJcLemq9a5PBaFH5MzlKGDVAg/0]]></PicUrl>
<MsgId>6634030743820835908</MsgId>
<MediaId><![CDATA[1QgKrdNTGOexznSBvGTiN7DTN3rPm1is0UhZ1Axfq7dBtMIf2zFL-MQH6Wb95DXc]]></MediaId>
</xml>
---------------------------------------------
【发送】2018-12-12-----------------------------
<xml>
		<ToUserName><![CDATA[ovTcg1ZAoofbOGFx8WIlOfMV8IgM]]>
		</ToUserName>
		<FromUserName><![CDATA[gh_1e8c8519cfc3]]>
		</FromUserName>
		<CreateTime>1544605650</CreateTime>
		<MsgType><![CDATA[image]]>
		</MsgType>
		<Image>
		<MediaId><![CDATA[1QgKrdNTGOexznSBvGTiN7DTN3rPm1is0UhZ1Axfq7dBtMIf2zFL-MQH6Wb95DXc]]>
		</MediaId>
		</Image>
		</xml>
---------------------------------------------
【接受】2018-12-12-----------------------------
<xml><ToUserName><![CDATA[gh_1e8c8519cfc3]]></ToUserName>
<FromUserName><![CDATA[ovTcg1ZAoofbOGFx8WIlOfMV8IgM]]></FromUserName>
<CreateTime>1544606294</CreateTime>
<MsgType><![CDATA[text]]></MsgType>
<Content><![CDATA[音乐]]></Content>
<MsgId>6634033518369709126</MsgId>
</xml>
---------------------------------------------
【接受】2018-12-12-----------------------------
<xml><ToUserName><![CDATA[gh_1e8c8519cfc3]]></ToUserName>
<FromUserName><![CDATA[ovTcg1ZAoofbOGFx8WIlOfMV8IgM]]></FromUserName>
<CreateTime>1544606310</CreateTime>
<MsgType><![CDATA[text]]></MsgType>
<Content><![CDATA[音乐]]></Content>
<MsgId>6634033587089185864</MsgId>
</xml>
---------------------------------------------
【发送】2018-12-12-----------------------------
<xml>
		<ToUserName><![CDATA[ovTcg1ZAoofbOGFx8WIlOfMV8IgM]]>
		</ToUserName>
		<FromUserName><![CDATA[gh_1e8c8519cfc3]]>
		</FromUserName>
		<CreateTime>1544606312</CreateTime>
		<MsgType><![CDATA[music]]>
		</MsgType>
		<Music>
		<Title><![CDATA[夜空中最亮的星]]>
		</Title>
		<Description><![CDATA[一首非常好的歌]]>
		</Description>
		<MusicUrl><![CDATA[https://wx.1314000.cn/mp3/ykz.mp3]]>
		</MusicUrl>
		<HQMusicUrl><![CDATA[https://wx.1314000.cn/mp3/ykz.mp3]]>
		</HQMusicUrl>
		<ThumbMediaId><![CDATA[1QgKrdNTGOexznSBvGTiN7DTN3rPm1is0UhZ1Axfq7dBtMIf2zFL-MQH6Wb95DXc]]>
		</ThumbMediaId>
		</Music>
		</xml>
---------------------------------------------
